,Country,Year,Cases,Code
0,Afghanistan,2016,677,AFG
1,Afghanistan,2015,58064,AFG
2,Afghanistan,2014,45481,AFG
3,Afghanistan,2013,3957,AFG
4,Afghanistan,2012,12,AFG
5,Afghanistan,2011,3733,AFG
6,Afghanistan,2010,2369,AFG
7,Afghanistan,2009,662,AFG
8,Afghanistan,2008,4384,AFG
9,Afghanistan,2005,33,AFG
10,Afghanistan,2003,41,AFG
11,Afghanistan,2002,3,AFG
12,Afghanistan,2001,4499,AFG
13,Afghanistan,2000,4330,AFG
14,Afghanistan,1999,24639,AFG
15,Afghanistan,1998,10000,AFG
16,Afghanistan,1997,4170,AFG
17,Afghanistan,1995,19903,AFG
18,Afghanistan,1994,38735,AFG
19,Afghanistan,1993,37046,AFG
20,Afghanistan,1965,218,AFG
21,Afghanistan,1960,887,AFG
22,Albania,1994,626,ALB
23,Algeria,2006,0,DZA
24,Algeria,2005,0,DZA
25,Algeria,1994,118,DZA
26,Algeria,1992,69,DZA
27,Algeria,1990,1299,DZA
28,Algeria,1989,393,DZA
29,Algeria,1988,699,DZA
30,Algeria,1987,1507,DZA
31,Algeria,1984,45,DZA
32,Algeria,1983,218,DZA
33,Algeria,1980,614,DZA
34,Algeria,1979,2513,DZA
35,Algeria,1978,220,DZA
36,Algeria,1977,262,DZA
37,Algeria,1976,286,DZA
38,Algeria,1975,1165,DZA
39,Algeria,1974,738,DZA
40,Algeria,1973,605,DZA
41,Algeria,1972,646,DZA
42,Algeria,1971,1332,DZA
43,Angola,2016,78,AGO
44,Angola,2014,213,AGO
45,Angola,2013,6655,AGO
46,Angola,2012,1215,AGO
47,Angola,2011,1810,AGO
48,Angola,2010,1484,AGO
49,Angola,2009,2019,AGO
50,Angola,2008,10511,AGO
51,Angola,2007,18422,AGO
52,Angola,2006,67257,AGO
53,Angola,2005,0,AGO
54,Angola,1996,1306,AGO
55,Angola,1995,3295,AGO
56,Angola,1994,3443,AGO
57,Angola,1992,3608,AGO
58,Angola,1991,8590,AGO
59,Angola,1990,9527,AGO
60,Angola,1989,17601,AGO
61,Angola,1988,15500,AGO
62,Angola,1987,16222,AGO
63,Angola,1977,726,AGO
64,Angola,1975,88,AGO
65,Angola,1974,934,AGO
66,Angola,1973,263,AGO
67,Angola,1972,268,AGO
68,Angola,1971,1,AGO
69,Argentina,1998,12,ARG
70,Argentina,1997,637,ARG
71,Argentina,1996,474,ARG
72,Argentina,1995,188,ARG
73,Argentina,1994,889,ARG
74,Argentina,1993,2350,ARG
75,Armenia,1998,25,ARM
76,Australia,2016,1,AUS
77,Australia,2015,2,AUS
78,Australia,2014,2,AUS
79,Australia,2013,3,AUS
80,Australia,2012,5,AUS
81,Australia,2011,6,AUS
82,Australia,2010,3,AUS
83,Australia,2007,3,AUS
84,Australia,2006,3,AUS
85,Australia,2005,2,AUS
86,Australia,2004,2,AUS
87,Australia,2002,5,AUS
88,Australia,2001,2,AUS
89,Australia,2000,1,AUS
90,Australia,1999,4,AUS
91,Australia,1998,5,AUS
92,Australia,1997,2,AUS
93,Australia,1996,2,AUS
94,Australia,1995,5,AUS
95,Australia,1994,3,AUS
96,Australia,1993,5,AUS
97,Australia,1992,3,AUS
98,Australia,1988,1,AUS
99,Australia,1987,1,AUS
100,Australia,1985,2,AUS
101,Australia,1984,1,AUS
102,Australia,1983,4,AUS
103,Australia,1982,1,AUS
104,Australia,1981,2,AUS
105,Australia,1980,2,AUS
106,Australia,1979,1,AUS
107,Australia,1978,1,AUS
108,Australia,1977,2,AUS
109,Australia,1972,40,AUS
110,Austria,2005,1,AUT
111,Austria,2002,1,AUT
112,Austria,2001,0,AUT
113,Austria,1999,1,AUT
114,Austria,1998,1,AUT
115,Austria,1996,1,AUT
116,Austria,1994,1,AUT
117,Austria,1993,1,AUT
118,Austria,1990,2,AUT
119,Azerbaijan,1994,18,AZE
120,Bahamas,2012,1,BHS
121,Bahamas,2011,1,BHS
122,Bahrain,2015,8,BHR
123,Bahrain,1979,39,BHR
124,Bahrain,1978,906,BHR
125,Bahrain,1973,37,BHR
126,Bahrain,1972,74,BHR
127,Bahrain,1965,1,BHR
128,Bangladesh,2000,1021,BGD
129,Bangladesh,1999,3440,BGD
130,Bangladesh,1998,1067,BGD
131,Bangladesh,1997,1959,BGD
132,Bangladesh,1996,418,BGD
133,Bangladesh,1995,2297,BGD
134,Bangladesh,1994,562,BGD
135,Bangladesh,1993,78,BGD
136,Bangladesh,1992,479,BGD
137,Bangladesh,1991,8,BGD
138,Bangladesh,1990,82,BGD
139,Bangladesh,1989,94,BGD
140,Bangladesh,1988,571,BGD
141,Bangladesh,1987,523,BGD
142,Bangladesh,1979,2154,BGD
143,Bangladesh,1978,5576,BGD
144,Bangladesh,1977,10403,BGD
145,Bangladesh,1976,957,BGD
146,Bangladesh,1975,4888,BGD
147,Bangladesh,1974,5614,BGD
148,Bangladesh,1973,1969,BGD
149,Bangladesh,1972,1059,BGD
150,Bangladesh,1971,2342,BGD
151,Bangladesh,1970,7419,BGD
152,Bangladesh,1969,7411,BGD
153,Bangladesh,1968,3156,BGD
154,Bangladesh,1967,664,BGD
155,Bangladesh,1966,3154,BGD
156,Bangladesh,1965,1123,BGD
157,Bangladesh,1964,3333,BGD
158,Bangladesh,1963,3975,BGD
159,Bangladesh,1962,2524,BGD
160,Bangladesh,1961,2663,BGD
161,Bangladesh,1960,15618,BGD
162,Bangladesh,1959,16915,BGD
163,Bangladesh,1958,15631,BGD
164,Bangladesh,1957,8054,BGD
165,Bangladesh,1956,23699,BGD
166,Bangladesh,1955,16642,BGD
167,Bangladesh,1954,15617,BGD
168,Bangladesh,1953,27631,BGD
169,Bangladesh,1952,21154,BGD
170,Bangladesh,1951,20894,BGD
171,Bangladesh,1950,29809,BGD
172,Belarus,1995,3,BLR
173,Belarus,1994,3,BLR
174,Belgium,2005,2,BEL
175,Belgium,2004,1,BEL
176,Belgium,1994,1,BEL
177,Belgium,1993,1,BEL
178,Belgium,1992,1,BEL
179,Belgium,1985,1,BEL
180,Belgium,1984,1,BEL
181,Belgium,1983,1,BEL
182,Belgium,1980,1,BEL
183,Belize,1999,12,BLZ
184,Belize,1998,28,BLZ
185,Belize,1997,2,BLZ
186,Belize,1996,26,BLZ
187,Belize,1995,19,BLZ
188,Belize,1994,6,BLZ
189,Belize,1993,135,BLZ
190,Belize,1992,159,BLZ
191,Benin,2016,761,BEN
192,Benin,2014,832,BEN
193,Benin,2013,528,BEN
194,Benin,2012,625,BEN
195,Benin,2011,755,BEN
196,Benin,2010,983,BEN
197,Benin,2009,74,BEN
198,Benin,2008,985,BEN
199,Benin,2006,91,BEN
200,Benin,2005,749,BEN
201,Benin,2004,642,BEN
202,Benin,2003,434,BEN
203,Benin,2002,270,BEN
204,Benin,2001,3943,BEN
205,Benin,2000,468,BEN
206,Benin,1999,855,BEN
207,Benin,1998,206,BEN
208,Benin,1997,796,BEN
209,Benin,1996,6190,BEN
210,Benin,1995,203,BEN
211,Benin,1994,187,BEN
212,Benin,1993,10,BEN
213,Benin,1992,413,BEN
214,Benin,1991,7474,BEN
215,Benin,1986,243,BEN
216,Benin,1984,1,BEN
217,Benin,1983,1,BEN
218,Benin,1982,3,BEN
219,Benin,1981,2,BEN
220,Benin,1980,3,BEN
221,Benin,1978,27,BEN
222,Benin,1977,2,BEN
223,Benin,1976,146,BEN
224,Benin,1975,45,BEN
225,Benin,1974,73,BEN
226,Benin,1973,3,BEN
227,Benin,1972,250,BEN
228,Benin,1971,2133,BEN
229,Benin,1970,175,BEN
230,Bhutan,1998,19,BTN
231,Bhutan,1995,25,BTN
232,Bhutan,1992,494,BTN
233,Bhutan,1991,422,BTN
234,Bolivia (Plurinational State of),1998,466,BOL
235,Bolivia (Plurinational State of),1997,1632,BOL
236,Bolivia (Plurinational State of),1996,2847,BOL
237,Bolivia (Plurinational State of),1995,2293,BOL
238,Bolivia (Plurinational State of),1994,2710,BOL
239,Bolivia (Plurinational State of),1993,10134,BOL
240,Bolivia (Plurinational State of),1992,22260,BOL
241,Bolivia (Plurinational State of),1991,206,BOL
242,Botswana,2009,15,BWA
243,Botswana,2008,8,BWA
244,Botswana,2006,0,BWA
245,Botswana,2005,0,BWA
246,Brazil,2011,1,BRA
247,Brazil,2005,5,BRA
248,Brazil,2004,21,BRA
249,Brazil,2001,7,BRA
250,Brazil,2000,715,BRA
251,Brazil,1999,4495,BRA
252,Brazil,1998,2571,BRA
253,Brazil,1997,2881,BRA
254,Brazil,1996,5522,BRA
255,Brazil,1995,15915,BRA
256,Brazil,1994,49455,BRA
257,Brazil,1993,59212,BRA
258,Brazil,1992,30317,BRA
259,Brazil,1991,2103,BRA
260,Brunei Darussalam,2011,3,BRN
261,Brunei Darussalam,1999,93,BRN
262,Brunei Darussalam,1982,6,BRN
263,Brunei Darussalam,1970,24,BRN
264,Brunei Darussalam,1965,198,BRN
265,Brunei Darussalam,1955,1,BRN
266,Burkina Faso,2012,143,BFA
267,Burkina Faso,2011,20,BFA
268,Burkina Faso,2008,0,BFA
269,Burkina Faso,2006,0,BFA
270,Burkina Faso,2005,1050,BFA
271,Burkina Faso,2003,1,BFA
272,Burkina Faso,2001,477,BFA
273,Burkina Faso,2000,617,BFA
274,Burkina Faso,1999,93,BFA
275,Burkina Faso,1998,1036,BFA
276,Burkina Faso,1996,425,BFA
277,Burkina Faso,1995,1451,BFA
278,Burkina Faso,1991,537,BFA
279,Burkina Faso,1985,1149,BFA
280,Burkina Faso,1984,2191,BFA
281,Burkina Faso,1978,1,BFA
282,Burkina Faso,1975,3,BFA
283,Burkina Faso,1974,632,BFA
284,Burkina Faso,1973,1118,BFA
285,Burkina Faso,1972,1,BFA
286,Burkina Faso,1971,1761,BFA
287,Burkina Faso,1970,1,BFA
288,Burundi,2016,434,BDI
289,Burundi,2015,442,BDI
290,Burundi,2014,582,BDI
291,Burundi,2013,1557,BDI
292,Burundi,2012,214,BDI
293,Burundi,2011,1072,BDI
294,Burundi,2010,333,BDI
295,Burundi,2009,355,BDI
296,Burundi,2008,234,BDI
297,Burundi,2007,365,BDI
298,Burundi,2006,886,BDI
299,Burundi,2005,1309,BDI
300,Burundi,2004,819,BDI
301,Burundi,2003,432,BDI
302,Burundi,2002,577,BDI
303,Burundi,2001,1003,BDI
304,Burundi,2000,1021,BDI
305,Burundi,1999,3440,BDI
306,Burundi,1998,1067,BDI
307,Burundi,1997,1959,BDI
308,Burundi,1996,418,BDI
309,Burundi,1995,2297,BDI
310,Burundi,1994,562,BDI
311,Burundi,1993,78,BDI
312,Burundi,1992,479,BDI
313,Burundi,1991,3,BDI
314,Burundi,1990,82,BDI
315,Burundi,1985,259,BDI
316,Burundi,1984,180,BDI
317,Burundi,1983,512,BDI
318,Burundi,1982,415,BDI
319,Burundi,1981,582,BDI
320,Burundi,1980,2039,BDI
321,Burundi,1979,915,BDI
322,Burundi,1978,8297,BDI
323,Côte d'Ivoire,2015,199,CIV
324,Côte d'Ivoire,2014,235,CIV
325,Côte d'Ivoire,2013,56,CIV
326,Côte d'Ivoire,2012,424,CIV
327,Côte d'Ivoire,2011,1261,CIV
328,Côte d'Ivoire,2010,32,CIV
329,Côte d'Ivoire,2009,5,CIV
330,Côte d'Ivoire,2008,7,CIV
331,Côte d'Ivoire,2007,8,CIV
332,Côte d'Ivoire,2006,414,CIV
333,Côte d'Ivoire,2005,39,CIV
334,Côte d'Ivoire,2004,105,CIV
335,Côte d'Ivoire,2003,1034,CIV
336,Côte d'Ivoire,2002,4188,CIV
337,Côte d'Ivoire,2001,5912,CIV
338,Côte d'Ivoire,1996,1345,CIV
339,Côte d'Ivoire,1995,4993,CIV
340,Côte d'Ivoire,1994,1108,CIV
341,Côte d'Ivoire,1993,724,CIV
342,Côte d'Ivoire,1992,37,CIV
343,Côte d'Ivoire,1991,604,CIV
344,Côte d'Ivoire,1982,34,CIV
345,Côte d'Ivoire,1979,3,CIV
346,Côte d'Ivoire,1971,668,CIV
347,Côte d'Ivoire,1970,868,CIV
348,Cabo Verde,2006,0,CPV
349,Cabo Verde,2005,0,CPV
350,Cabo Verde,1998,133,CPV
351,Cabo Verde,1996,428,CPV
352,Cabo Verde,1995,12913,CPV
353,Cabo Verde,1994,128,CPV
354,Cabo Verde,1976,219,CPV
355,Cabo Verde,1975,20,CPV
356,Cabo Verde,1974,303,CPV
357,Cambodia,2010,588,KHM
358,Cambodia,2009,39,KHM
359,Cambodia,2004,57,KHM
360,Cambodia,1999,1711,KHM
361,Cambodia,1998,1197,KHM
362,Cambodia,1997,155,KHM
363,Cambodia,1996,740,KHM
364,Cambodia,1995,4190,KHM
365,Cambodia,1994,3085,KHM
366,Cambodia,1993,2252,KHM
367,Cambodia,1992,1229,KHM
368,Cambodia,1991,770,KHM
369,Cambodia,1990,5,KHM
370,Cambodia,1989,47,KHM
371,Cambodia,1988,56,KHM
372,Cambodia,1987,474,KHM
373,Cambodia,1975,66,KHM
374,Cambodia,1974,145,KHM
375,Cambodia,1973,159,KHM
376,Cambodia,1968,8,KHM
377,Cambodia,1967,4,KHM
378,Cambodia,1966,62,KHM
379,Cambodia,1964,187,KHM
380,Cambodia,1963,52,KHM
381,Cambodia,1958,3,KHM
382,Cambodia,1957,6,KHM
383,Cambodia,1956,1,KHM
384,Cambodia,1954,2,KHM
385,Cambodia,1953,11,KHM
386,Cambodia,1952,24,KHM
387,Cambodia,1951,57,KHM
388,Cambodia,1950,10,KHM
389,Cameroon,2015,124,CMR
390,Cameroon,2014,3355,CMR
391,Cameroon,2013,29,CMR
392,Cameroon,2012,363,CMR
393,Cameroon,2011,22433,CMR
394,Cameroon,2010,10759,CMR
395,Cameroon,2009,804,CMR
396,Cameroon,2008,0,CMR
397,Cameroon,2007,10,CMR
398,Cameroon,2006,922,CMR
399,Cameroon,2005,2847,CMR
400,Cameroon,2004,8005,CMR
401,Cameroon,2003,207,CMR
402,Cameroon,2002,66,CMR
403,Cameroon,2001,259,CMR
404,Cameroon,2000,123,CMR
405,Cameroon,1999,1584,CMR
406,Cameroon,1998,4603,CMR
407,Cameroon,1997,1709,CMR
408,Cameroon,1996,5796,CMR
409,Cameroon,1995,615,CMR
410,Cameroon,1994,527,CMR
411,Cameroon,1993,648,CMR
412,Cameroon,1992,1268,CMR
413,Cameroon,1991,4026,CMR
414,Cameroon,1990,16,CMR
415,Cameroon,1989,4,CMR
416,Cameroon,1988,4,CMR
417,Cameroon,1987,94,CMR
418,Cameroon,1986,165,CMR
419,Cameroon,1985,1158,CMR
420,Cameroon,1984,392,CMR
421,Cameroon,1983,55,CMR
422,Cameroon,1982,5,CMR
423,Cameroon,1981,243,CMR
424,Cameroon,1980,229,CMR
425,Cameroon,1979,16,CMR
426,Cameroon,1978,3,CMR
427,Cameroon,1976,135,CMR
428,Cameroon,1975,3,CMR
429,Cameroon,1974,83,CMR
430,Cameroon,1973,206,CMR
431,Cameroon,1972,362,CMR
432,Cameroon,1971,2167,CMR
433,Canada,2016,1,CAN
434,Canada,2015,3,CAN
435,Canada,2014,2,CAN
436,Canada,2013,1,CAN
437,Canada,2011,9,CAN
438,Canada,2010,2,CAN
439,Canada,2009,2,CAN
440,Canada,2008,1,CAN
441,Canada,2007,1,CAN
442,Canada,2006,2,CAN
443,Canada,2005,7,CAN
444,Canada,2004,3,CAN
445,Canada,2003,5,CAN
446,Canada,2002,4,CAN
447,Canada,2001,6,CAN
448,Canada,2000,5,CAN
449,Canada,1998,2,CAN
450,Canada,1996,2,CAN
451,Canada,1995,7,CAN
452,Canada,1994,2,CAN
453,Canada,1993,6,CAN
454,Canada,1992,5,CAN
455,Canada,1991,2,CAN
456,Canada,1989,1,CAN
457,Central African Republic,2012,21,CAF
458,Central African Republic,2011,117,CAF
459,Central African Republic,2006,0,CAF
460,Central African Republic,2005,0,CAF
461,Central African Republic,2004,320,CAF
462,Central African Republic,1998,22,CAF
463,Central African Republic,1997,443,CAF
464,Chad,2011,17267,TCD
465,Chad,2010,6395,TCD
466,Chad,2009,67,TCD
467,Chad,2007,0,TCD
468,Chad,2006,1668,TCD
469,Chad,2005,90,TCD
470,Chad,2004,5531,TCD
471,Chad,2003,55,TCD
472,Chad,2001,5244,TCD
473,Chad,1999,217,TCD
474,Chad,1998,4095,TCD
475,Chad,1997,8801,TCD
476,Chad,1996,7830,TCD
477,Chad,1994,1094,TCD
478,Chad,1991,13915,TCD
479,Chad,1974,338,TCD
480,Chad,1972,9,TCD
481,Chad,1971,8230,TCD
482,Chile,2014,1,CHL
483,Chile,2013,2,CHL
484,Chile,2011,1,CHL
485,Chile,1998,24,CHL
486,Chile,1997,4,CHL
487,Chile,1996,1,CHL
488,Chile,1994,1,CHL
489,Chile,1993,32,CHL
490,Chile,1992,73,CHL
491,Chile,1991,41,CHL
492,China,2016,27,CHN
493,China,2015,13,CHN
494,China,2014,24,CHN
495,China,2013,53,CHN
496,China,2012,77,CHN
497,China,2011,26,CHN
498,China,2010,157,CHN
499,China,2009,85,CHN
500,China,2008,174,CHN
501,China,2007,168,CHN
502,China,2006,161,CHN
503,China,2005,980,CHN
504,China,2004,244,CHN
505,China,2003,223,CHN
506,China,2001,140,CHN
507,China,2000,1846,CHN
508,China,1999,4589,CHN
509,China,1998,4642,CHN
510,China,1997,1177,CHN
511,China,1996,316,CHN
512,China,1995,10337,CHN
513,China,1994,34877,CHN
514,China,1993,11673,CHN
515,China,1992,583,CHN
516,China,1991,210,CHN
517,China,1990,644,CHN
518,China,1989,5628,CHN
519,China,1988,7267,CHN
520,China,1987,4,CHN
521,China,1980,88,CHN
522,China,1979,85,CHN
523,China,1967,1,CHN
524,China,1963,1,CHN
525,China,1962,384,CHN
526,China,1949,1,CHN
527,Colombia,2004,2,COL
528,Colombia,1999,42,COL
529,Colombia,1998,442,COL
530,Colombia,1997,1508,COL
531,Colombia,1996,4428,COL
532,Colombia,1995,1922,COL
533,Colombia,1994,996,COL
534,Colombia,1993,230,COL
535,Colombia,1992,15129,COL
536,Colombia,1991,11979,COL
537,Comoros,2008,4,COM
538,Comoros,2007,1555,COM
539,Comoros,2006,0,COM
540,Comoros,2005,0,COM
541,Comoros,2004,1,COM
542,Comoros,2003,56,COM
543,Comoros,2002,1567,COM
544,Comoros,2001,226,COM
545,Comoros,2000,3297,COM
546,Comoros,1999,1180,COM
547,Comoros,1998,7300,COM
548,Comoros,1976,5,COM
549,Comoros,1975,2675,COM
550,Congo,2016,15,COG
551,Congo,2013,1624,COG
552,Congo,2012,1181,COG
553,Congo,2011,762,COG
554,Congo,2009,93,COG
555,Congo,2008,156,COG
556,Congo,2007,7785,COG
557,Congo,2006,175,COG
558,Congo,2005,0,COG
559,Congo,2000,9,COG
560,Congo,1999,4813,COG
561,Congo,1998,3222,COG
562,Congo,1997,275,COG
563,Congo,1979,5,COG
564,Congo,1978,51,COG
565,Costa Rica,1997,1,CRI
566,Costa Rica,1996,19,CRI
567,Costa Rica,1995,24,CRI
568,Costa Rica,1994,38,CRI
569,Costa Rica,1993,14,CRI
570,Costa Rica,1992,12,CRI
571,Cuba,2015,65,CUB
572,Cuba,2014,76,CUB
573,Cuba,2013,181,CUB
574,Cuba,2012,417,CUB
575,Denmark,2016,1,DNK
576,Denmark,2008,1,DNK
577,Denmark,2004,1,DNK
578,Denmark,1995,3,DNK
579,Denmark,1994,2,DNK
580,Denmark,1993,2,DNK
581,Denmark,1990,1,DNK
582,Djibouti,2011,127,DJI
583,Djibouti,2010,2047,DJI
584,Djibouti,2007,1087,DJI
585,Djibouti,2000,1828,DJI
586,Djibouti,1998,164,DJI
587,Djibouti,1997,2424,DJI
588,Djibouti,1994,1122,DJI
589,Djibouti,1993,10055,DJI
590,Djibouti,1985,115,DJI
591,Djibouti,1978,3,DJI
592,Djibouti,1977,2,DJI
593,Djibouti,1976,2,DJI
594,Djibouti,1972,8,DJI
595,Djibouti,1971,440,DJI
596,Djibouti,1970,6,DJI
597,Dominican Republic,2016,1159,DOM
598,Dominican Republic,2015,546,DOM
599,Dominican Republic,2014,603,DOM
600,Dominican Republic,2013,1954,DOM
601,Dominican Republic,2012,7919,DOM
602,Dominican Republic,2011,20851,DOM
603,Dominican Republic,2010,191,DOM
604,Ecuador,2004,5,ECU
605,Ecuador,2003,25,ECU
606,Ecuador,2001,9,ECU
607,Ecuador,2000,27,ECU
608,Ecuador,1999,90,ECU
609,Ecuador,1998,3724,ECU
610,Ecuador,1997,65,ECU
611,Ecuador,1996,1059,ECU
612,Ecuador,1995,2160,ECU
613,Ecuador,1994,1785,ECU
614,Ecuador,1993,6833,ECU
615,Ecuador,1992,31870,ECU
616,Ecuador,1991,46320,ECU
617,El Salvador,2000,631,SLV
618,El Salvador,1999,134,SLV
619,El Salvador,1998,8,SLV
620,El Salvador,1996,182,SLV
621,El Salvador,1995,2923,SLV
622,El Salvador,1994,11745,SLV
623,El Salvador,1993,6573,SLV
624,El Salvador,1992,8717,SLV
625,El Salvador,1991,947,SLV
626,Equatorial Guinea,2006,0,GNQ
627,Equatorial Guinea,2005,6391,GNQ
628,Equatorial Guinea,2004,59,GNQ
629,Equatorial Guinea,1985,108,GNQ
630,Equatorial Guinea,1984,404,GNQ
631,Eritrea,2008,1,ERI
632,Eritrea,2007,119,ERI
633,Eritrea,2006,0,ERI
634,Eritrea,2005,0,ERI
635,Estonia,1993,2,EST
636,Ethiopia,2010,1682,ETH
637,Ethiopia,2009,31509,ETH
638,Ethiopia,2008,3862,ETH
639,Ethiopia,2007,24121,ETH
640,Ethiopia,2006,54070,ETH
641,Ethiopia,2005,0,ETH
642,Ethiopia,2004,16,ETH
643,Ethiopia,1982,0,ETH
644,Ethiopia,1971,2187,ETH
645,Ethiopia,1970,850,ETH
646,Finland,2008,1,FIN
647,Finland,2005,1,FIN
648,Finland,1998,1,FIN
649,Finland,1995,1,FIN
650,Finland,1994,2,FIN
651,Finland,1981,1,FIN
652,France,2015,1,FRA
653,France,2014,1,FRA
654,France,2011,1,FRA
655,France,2009,1,FRA
656,France,2008,2,FRA
657,France,2007,4,FRA
658,France,2006,2,FRA
659,France,2002,1,FRA
660,France,2001,2,FRA
661,France,2000,5,FRA
662,France,1998,2,FRA
663,France,1997,3,FRA
664,France,1996,8,FRA
665,France,1995,6,FRA
666,France,1994,4,FRA
667,France,1993,5,FRA
668,France,1991,7,FRA
669,France,1990,6,FRA
670,France,1989,1,FRA
671,France,1987,7,FRA
672,France,1986,37,FRA
673,France,1984,1,FRA
674,France,1983,3,FRA
675,France,1982,18,FRA
676,France,1981,20,FRA
677,France,1980,1,FRA
678,France,1979,8,FRA
679,France,1976,5,FRA
680,France,1975,9,FRA
681,France,1974,5,FRA
682,France,1973,4,FRA
683,France,1971,3,FRA
684,France,1970,1,FRA
685,Gabon,2008,2,GAB
686,Gabon,2006,0,GAB
687,Gabon,2005,0,GAB
688,Gabon,2003,629,GAB
689,Gabon,2002,6,GAB
690,Gabon,1981,7,GAB
691,Gabon,1979,5,GAB
692,Gambia,2008,1,GMB
693,Gambia,2007,12,GMB
694,Gambia,2006,0,GMB
695,Gambia,2005,214,GMB
696,Gambia,1996,7,GMB
697,Gambia,1995,15,GMB
698,Gambia,1994,1,GMB
699,Gambia,1985,2,GMB
700,Georgia,1993,8,GEO
701,Germany,2016,1,DEU
702,Germany,2014,1,DEU
703,Germany,2011,4,DEU
704,Germany,2010,4,DEU
705,Germany,2007,2,DEU
706,Germany,2006,1,DEU
707,Germany,2004,3,DEU
708,Germany,2003,1,DEU
709,Germany,2002,1,DEU
710,Germany,2001,1,DEU
711,Germany,2000,2,DEU
712,Germany,1999,3,DEU
713,Germany,1998,5,DEU
714,Germany,1997,2,DEU
715,Germany,1995,1,DEU
716,Germany,1994,5,DEU
717,Germany,1993,1,DEU
718,Germany,1992,1,DEU
719,Germany,1990,1,DEU
720,Germany,1989,1,DEU
721,Germany,1988,2,DEU
722,Germany,1986,2,DEU
723,Germany,1982,1,DEU
724,Germany,1981,4,DEU
725,Germany,1980,4,DEU
726,Germany,1977,1,DEU
727,Germany,1976,2,DEU
728,Germany,1975,1,DEU
729,Germany,1974,3,DEU
730,Germany,1973,6,DEU
731,Germany,1972,2,DEU
732,Germany,1971,1,DEU
733,Ghana,2016,175,GHA
734,Ghana,2015,692,GHA
735,Ghana,2014,28944,GHA
736,Ghana,2013,50,GHA
737,Ghana,2012,9548,GHA
738,Ghana,2011,10628,GHA
739,Ghana,2010,438,GHA
740,Ghana,2009,1294,GHA
741,Ghana,2008,1223,GHA
742,Ghana,2007,179,GHA
743,Ghana,2006,3357,GHA
744,Ghana,2005,3166,GHA
745,Ghana,2004,407,GHA
746,Ghana,2003,204,GHA
747,Ghana,2002,3614,GHA
748,Ghana,2001,5487,GHA
749,Ghana,2000,3331,GHA
750,Ghana,1999,9432,GHA
751,Ghana,1998,3426,GHA
752,Ghana,1997,379,GHA
753,Ghana,1996,1665,GHA
754,Ghana,1995,4698,GHA
755,Ghana,1994,2267,GHA
756,Ghana,1993,1448,GHA
757,Ghana,1992,228,GHA
758,Ghana,1991,13172,GHA
759,Ghana,1990,2937,GHA
760,Ghana,1985,60,GHA
761,Ghana,1984,1015,GHA
762,Ghana,1983,14160,GHA
763,Ghana,1982,11051,GHA
764,Ghana,1981,943,GHA
765,Ghana,1980,260,GHA
766,Ghana,1979,1783,GHA
767,Ghana,1978,1853,GHA
768,Ghana,1977,6565,GHA
769,Ghana,1976,102,GHA
770,Ghana,1975,187,GHA
771,Ghana,1974,483,GHA
772,Ghana,1973,677,GHA
773,Ghana,1972,625,GHA
774,Ghana,1971,13048,GHA
775,Ghana,1970,2733,GHA
776,Greece,1993,1,GRC
777,Greece,1986,1,GRC
778,Guatemala,2003,1,GTM
779,Guatemala,2002,1,GTM
780,Guatemala,2001,13,GTM
781,Guatemala,2000,612,GTM
782,Guatemala,1999,2077,GTM
783,Guatemala,1998,5970,GTM
784,Guatemala,1997,1263,GTM
785,Guatemala,1996,1568,GTM
786,Guatemala,1995,7970,GTM
787,Guatemala,1994,5282,GTM
788,Guatemala,1993,30604,GTM
789,Guatemala,1992,15395,GTM
790,Guatemala,1991,3674,GTM
791,Guinea,2014,1,GIN
792,Guinea,2013,319,GIN
793,Guinea,2012,7350,GIN
794,Guinea,2011,3,GIN
795,Guinea,2009,42,GIN
796,Guinea,2008,513,GIN
797,Guinea,2007,8546,GIN
798,Guinea,2006,3242,GIN
799,Guinea,2005,3821,GIN
800,Guinea,2004,1516,GIN
801,Guinea,2003,6,GIN
802,Guinea,2002,61,GIN
803,Guinea,2001,392,GIN
804,Guinea,2000,519,GIN
805,Guinea,1999,599,GIN
806,Guinea,1998,881,GIN
807,Guinea,1996,287,GIN
808,Guinea,1995,6506,GIN
809,Guinea,1994,31415,GIN
810,Guinea,1986,286,GIN
811,Guinea,1970,2000,GIN
812,Guinea-Bissau,2014,11,GNB
813,Guinea-Bissau,2013,969,GNB
814,Guinea-Bissau,2012,3068,GNB
815,Guinea-Bissau,2009,5,GNB
816,Guinea-Bissau,2008,14323,GNB
817,Guinea-Bissau,2007,153,GNB
818,Guinea-Bissau,2006,37,GNB
819,Guinea-Bissau,2005,25111,GNB
820,Guinea-Bissau,2004,155,GNB
821,Guinea-Bissau,2003,290,GNB
822,Guinea-Bissau,2002,842,GNB
823,Guinea-Bissau,1998,126,GNB
824,Guinea-Bissau,1997,20555,GNB
825,Guinea-Bissau,1996,8397,GNB
826,Guinea-Bissau,1995,119,GNB
827,Guinea-Bissau,1994,15296,GNB
828,Guinea-Bissau,1987,6000,GNB
829,Guinea-Bissau,1986,200,GNB
830,Guyana,1993,66,GUY
831,Guyana,1992,576,GUY
832,Haiti,2016,41421,HTI
833,Haiti,2015,36045,HTI
834,Haiti,2014,27753,HTI
835,Haiti,2013,58809,HTI
836,Haiti,2012,112076,HTI
837,Haiti,2011,340311,HTI
838,Haiti,2010,179379,HTI
839,Honduras,2001,1,HND
840,Honduras,2000,8,HND
841,Honduras,1999,56,HND
842,Honduras,1998,306,HND
843,Honduras,1997,100,HND
844,Honduras,1996,708,HND
845,Honduras,1995,4717,HND
846,Honduras,1994,5049,HND
847,Honduras,1993,4013,HND
848,Honduras,1992,407,HND
849,Honduras,1991,17,HND
850,Hungary,1997,1,HUN
851,India,2016,841,IND
852,India,2015,889,IND
853,India,2014,4031,IND
854,India,2013,6008,IND
855,India,2010,5155,IND
856,India,2008,2680,IND
857,India,2007,2635,IND
858,India,2006,1939,IND
859,India,2005,3155,IND
860,India,2004,4695,IND
861,India,2003,2893,IND
862,India,2002,3455,IND
863,India,2001,4081,IND
864,India,2000,4053,IND
865,India,1999,3839,IND
866,India,1998,7151,IND
867,India,1997,2768,IND
868,India,1996,4396,IND
869,India,1995,3315,IND
870,India,1994,4973,IND
871,India,1993,12084,IND
872,India,1992,6911,IND
873,India,1991,6993,IND
874,India,1990,3583,IND
875,India,1989,5640,IND
876,India,1988,17162,IND
877,India,1987,11934,IND
878,India,1986,4208,IND
879,India,1985,5808,IND
880,India,1984,2527,IND
881,India,1983,8542,IND
882,India,1982,4656,IND
883,India,1981,4681,IND
884,India,1980,8344,IND
885,India,1979,5073,IND
886,India,1978,10585,IND
887,India,1977,8376,IND
888,India,1976,14946,IND
889,India,1975,22049,IND
890,India,1974,30903,IND
891,India,1973,41611,IND
892,India,1972,20435,IND
893,India,1971,71386,IND
894,India,1970,15067,IND
895,India,1969,19280,IND
896,India,1968,22587,IND
897,India,1967,13708,IND
898,India,1966,13052,IND
899,India,1965,42677,IND
900,India,1964,53011,IND
901,India,1963,44839,IND
902,India,1962,51082,IND
903,India,1961,47637,IND
904,India,1960,14621,IND
905,India,1959,14852,IND
906,India,1958,66849,IND
907,India,1957,54961,IND
908,India,1956,39829,IND
909,India,1955,23533,IND
910,India,1954,22146,IND
911,India,1953,213225,IND
912,India,1952,101493,IND
913,India,1951,86787,IND
914,India,1950,625,IND
915,Indonesia,2008,1007,IDN
916,Indonesia,2005,1338,IDN
917,Indonesia,2001,561,IDN
918,Indonesia,1997,66,IDN
919,Indonesia,1996,66,IDN
920,Indonesia,1994,47,IDN
921,Indonesia,1993,3564,IDN
922,Indonesia,1992,25,IDN
923,Indonesia,1991,6202,IDN
924,Indonesia,1990,155,IDN
925,Indonesia,1989,67,IDN
926,Indonesia,1988,50,IDN
927,Indonesia,1987,659,IDN
928,Indonesia,1986,11915,IDN
929,Indonesia,1985,4732,IDN
930,Indonesia,1984,7921,IDN
931,Indonesia,1983,13832,IDN
932,Indonesia,1982,10391,IDN
933,Indonesia,1981,18354,IDN
934,Indonesia,1980,5541,IDN
935,Indonesia,1979,18817,IDN
936,Indonesia,1978,10683,IDN
937,Indonesia,1977,17112,IDN
938,Indonesia,1976,41264,IDN
939,Indonesia,1975,48387,IDN
940,Indonesia,1974,41474,IDN
941,Indonesia,1973,52042,IDN
942,Indonesia,1972,44383,IDN
943,Indonesia,1971,23555,IDN
944,Indonesia,1970,5997,IDN
945,Indonesia,1969,627,IDN
946,Indonesia,1968,135,IDN
947,Indonesia,1967,700,IDN
948,Indonesia,1966,204,IDN
949,Indonesia,1964,326,IDN
950,Indonesia,1963,535,IDN
951,Indonesia,1962,428,IDN
952,Indonesia,1961,1742,IDN
953,Indonesia,1960,41,IDN
954,Iran (Islamic Republic of),2015,86,IRN
955,Iran (Islamic Republic of),2013,256,IRN
956,Iran (Islamic Republic of),2012,53,IRN
957,Iran (Islamic Republic of),2011,1187,IRN
958,Iran (Islamic Republic of),2008,72,IRN
959,Iran (Islamic Republic of),2007,19,IRN
960,Iran (Islamic Republic of),2005,1133,IRN
961,Iran (Islamic Republic of),2004,94,IRN
962,Iran (Islamic Republic of),2003,96,IRN
963,Iran (Islamic Republic of),2002,118,IRN
964,Iran (Islamic Republic of),2001,105,IRN
965,Iran (Islamic Republic of),2000,345,IRN
966,Iran (Islamic Republic of),1999,1369,IRN
967,Iran (Islamic Republic of),1998,270,IRN
968,Iran (Islamic Republic of),1997,1106,IRN
969,Iran (Islamic Republic of),1995,2177,IRN
970,Iran (Islamic Republic of),1994,15,IRN
971,Iran (Islamic Republic of),1993,1347,IRN
972,Iran (Islamic Republic of),1992,97,IRN
973,Iran (Islamic Republic of),1991,1892,IRN
974,Iran (Islamic Republic of),1990,178,IRN
975,Iran (Islamic Republic of),1989,5222,IRN
976,Iran (Islamic Republic of),1988,486,IRN
977,Iran (Islamic Republic of),1987,295,IRN
978,Iran (Islamic Republic of),1986,20,IRN
979,Iran (Islamic Republic of),1985,1208,IRN
980,Iran (Islamic Republic of),1984,531,IRN
981,Iran (Islamic Republic of),1983,270,IRN
982,Iran (Islamic Republic of),1982,427,IRN
983,Iran (Islamic Republic of),1981,6034,IRN
984,Iran (Islamic Republic of),1980,1599,IRN
985,Iran (Islamic Republic of),1979,1856,IRN
986,Iran (Islamic Republic of),1978,264,IRN
987,Iran (Islamic Republic of),1977,10836,IRN
988,Iran (Islamic Republic of),1976,2100,IRN
989,Iran (Islamic Republic of),1975,2966,IRN
990,Iran (Islamic Republic of),1974,304,IRN
991,Iran (Islamic Republic of),1973,55,IRN
992,Iran (Islamic Republic of),1972,322,IRN
993,Iran (Islamic Republic of),1971,344,IRN
994,Iran (Islamic Republic of),1970,19663,IRN
995,Iran (Islamic Republic of),1969,557,IRN
996,Iran (Islamic Republic of),1967,221,IRN
997,Iran (Islamic Republic of),1966,162,IRN
998,Iran (Islamic Republic of),1965,5037,IRN
999,Iraq,2016,35,IRQ
1000,Iraq,2015,4965,IRQ
1001,Iraq,2013,1,IRQ
1002,Iraq,2012,4693,IRQ
1003,Iraq,2010,2,IRQ
1004,Iraq,2009,6,IRQ
1005,Iraq,2008,925,IRQ
1006,Iraq,2007,4697,IRQ
1007,Iraq,2004,35,IRQ
1008,Iraq,2003,187,IRQ
1009,Iraq,2002,718,IRQ
1010,Iraq,2001,560,IRQ
1011,Iraq,2000,532,IRQ
1012,Iraq,1999,1985,IRQ
1013,Iraq,1998,53,IRQ
1014,Iraq,1996,1,IRQ
1015,Iraq,1995,820,IRQ
1016,Iraq,1994,838,IRQ
1017,Iraq,1993,280,IRQ
1018,Iraq,1992,97,IRQ
1019,Iraq,1991,877,IRQ
1020,Iraq,1978,96,IRQ
1021,Iraq,1977,133,IRQ
1022,Iraq,1966,227,IRQ
1023,Ireland,2001,1,IRL
1024,Israel,2013,1,ISR
1025,Israel,1988,1,ISR
1026,Israel,1987,2,ISR
1027,Israel,1982,1,ISR
1028,Israel,1972,11,ISR
1029,Israel,1971,1,ISR
1030,Israel,1970,185,ISR
1031,Italy,2013,1,ITA
1032,Italy,2007,1,ITA
1033,Italy,2006,1,ITA
1034,Italy,1998,2,ITA
1035,Italy,1995,1,ITA
1036,Italy,1994,12,ITA
1037,Italy,1979,8,ITA
1038,Italy,1977,2,ITA
1039,Italy,1975,1,ITA
1040,Italy,1973,278,ITA
1041,Japan,2016,10,JPN
1042,Japan,2015,7,JPN
1043,Japan,2014,5,JPN
1044,Japan,2013,8,JPN
1045,Japan,2012,3,JPN
1046,Japan,2011,12,JPN
1047,Japan,2007,0,JPN
1048,Japan,2006,34,JPN
1049,Japan,2005,43,JPN
1050,Japan,2004,66,JPN
1051,Japan,2003,16,JPN
1052,Japan,2002,27,JPN
1053,Japan,2001,11,JPN
1054,Japan,2000,34,JPN
1055,Japan,1999,40,JPN
1056,Japan,1998,60,JPN
1057,Japan,1997,89,JPN
1058,Japan,1996,39,JPN
1059,Japan,1995,321,JPN
1060,Japan,1994,91,JPN
1061,Japan,1993,89,JPN
1062,Japan,1992,46,JPN
1063,Japan,1991,90,JPN
1064,Japan,1990,73,JPN
1065,Japan,1989,95,JPN
1066,Japan,1988,33,JPN
1067,Japan,1987,34,JPN
1068,Japan,1986,26,JPN
1069,Japan,1985,36,JPN
1070,Japan,1984,55,JPN
1071,Japan,1983,35,JPN
1072,Japan,1982,16,JPN
1073,Japan,1981,19,JPN
1074,Japan,1980,23,JPN
1075,Japan,1979,11,JPN
1076,Japan,1978,34,JPN
1077,Japan,1977,52,JPN
1078,Japan,1976,6,JPN
1079,Japan,1975,3,JPN
1080,Japan,1970,5,JPN
1081,Japan,1969,8,JPN
1082,Japan,1964,2,JPN
1083,Japan,1963,16,JPN
1084,Jordan,1990,2,JOR
1085,Jordan,1981,870,JOR
1086,Jordan,1979,141,JOR
1087,Jordan,1977,427,JOR
1088,Jordan,1976,152,JOR
1089,Jordan,1970,3,JOR
1090,Kazakhstan,2008,1,KAZ
1091,Kazakhstan,2001,1,KAZ
1092,Kazakhstan,1997,4,KAZ
1093,Kazakhstan,1995,16,KAZ
1094,Kazakhstan,1994,3,KAZ
1095,Kazakhstan,1993,74,KAZ
1096,Kenya,2016,5866,KEN
1097,Kenya,2015,13291,KEN
1098,Kenya,2014,35,KEN
1099,Kenya,2011,74,KEN
1100,Kenya,2010,3188,KEN
1101,Kenya,2009,11425,KEN
1102,Kenya,2008,3091,KEN
1103,Kenya,2007,1206,KEN
1104,Kenya,2006,870,KEN
1105,Kenya,2005,816,KEN
1106,Kenya,2004,870,KEN
1107,Kenya,2002,291,KEN
1108,Kenya,2001,1001,KEN
1109,Kenya,2000,1157,KEN
1110,Kenya,1999,11039,KEN
1111,Kenya,1998,22432,KEN
1112,Kenya,1997,17200,KEN
1113,Kenya,1996,482,KEN
1114,Kenya,1995,1547,KEN
1115,Kenya,1994,880,KEN
1116,Kenya,1992,3388,KEN
1117,Kenya,1989,918,KEN
1118,Kenya,1987,255,KEN
1119,Kenya,1986,839,KEN
1120,Kenya,1985,1352,KEN
1121,Kenya,1984,14,KEN
1122,Kenya,1983,1049,KEN
1123,Kenya,1982,3498,KEN
1124,Kenya,1981,2424,KEN
1125,Kenya,1980,2808,KEN
1126,Kenya,1979,1070,KEN
1127,Kenya,1978,673,KEN
1128,Kenya,1977,21,KEN
1129,Kenya,1976,1359,KEN
1130,Kenya,1975,1093,KEN
1131,Kenya,1974,402,KEN
1132,Kenya,1972,51,KEN
1133,Kenya,1971,239,KEN
1134,Kiribati,1978,494,KIR
1135,Kiribati,1977,1307,KIR
1136,Kuwait,2015,5,KWT
1137,Kuwait,1997,1,KWT
1138,Kuwait,1993,1,KWT
1139,Kuwait,1989,133,KWT
1140,Kuwait,1986,38,KWT
1141,Kuwait,1985,113,KWT
1142,Kuwait,1981,8,KWT
1143,Kuwait,1979,3,KWT
1144,Kuwait,1978,1,KWT
1145,Kuwait,1977,13,KWT
1146,Kuwait,1976,2,KWT
1147,Kuwait,1975,3,KWT
1148,Kuwait,1970,4,KWT
1149,Kyrgyzstan,1994,4,KGZ
1150,Lao People's Democratic Republic,2010,237,LAO
1151,Lao People's Democratic Republic,2008,201,LAO
1152,Lao People's Democratic Republic,2007,169,LAO
1153,Lao People's Democratic Republic,1996,720,LAO
1154,Lao People's Democratic Republic,1995,1365,LAO
1155,Lao People's Democratic Republic,1994,9660,LAO
1156,Lao People's Democratic Republic,1993,5521,LAO
1157,Lao People's Democratic Republic,1969,448,LAO
1158,Lao People's Democratic Republic,1953,31,LAO
1159,Lebanon,2005,1,LBN
1160,Lebanon,1994,3,LBN
1161,Lebanon,1993,344,LBN
1162,Lebanon,1977,30,LBN
1163,Lebanon,1970,54,LBN
1164,Lesotho,2006,0,LSO
1165,Lesotho,2005,0,LSO
1166,Liberia,2014,44,LBR
1167,Liberia,2013,92,LBR
1168,Liberia,2012,219,LBR
1169,Liberia,2011,1146,LBR
1170,Liberia,2010,1546,LBR
1171,Liberia,2009,1070,LBR
1172,Liberia,2008,1236,LBR
1173,Liberia,2007,3063,LBR
1174,Liberia,2006,4929,LBR
1175,Liberia,2005,3823,LBR
1176,Liberia,2004,2786,LBR
1177,Liberia,2003,34740,LBR
1178,Liberia,2002,1115,LBR
1179,Liberia,2001,1062,LBR
1180,Liberia,2000,365,LBR
1181,Liberia,1999,215,LBR
1182,Liberia,1998,2123,LBR
1183,Liberia,1997,91,LBR
1184,Liberia,1996,8922,LBR
1185,Liberia,1995,3420,LBR
1186,Liberia,1994,764,LBR
1187,Liberia,1991,132,LBR
1188,Liberia,1989,28,LBR
1189,Liberia,1988,68,LBR
1190,Liberia,1987,33,LBR
1191,Liberia,1986,59,LBR
1192,Liberia,1985,355,LBR
1193,Liberia,1984,492,LBR
1194,Liberia,1983,183,LBR
1195,Liberia,1982,670,LBR
1196,Liberia,1981,1582,LBR
1197,Liberia,1980,2690,LBR
1198,Liberia,1979,438,LBR
1199,Liberia,1978,422,LBR
1200,Liberia,1977,512,LBR
1201,Liberia,1976,646,LBR
1202,Liberia,1975,704,LBR
1203,Liberia,1974,512,LBR
1204,Liberia,1973,1336,LBR
1205,Liberia,1972,947,LBR
1206,Liberia,1971,606,LBR
1207,Liberia,1970,168,LBR
1208,Libya,1995,22,LBY
1209,Libya,1970,1151,LBY
1210,Madagascar,2006,0,MDG
1211,Madagascar,2005,0,MDG
1212,Madagascar,2003,5,MDG
1213,Madagascar,2002,27,MDG
1214,Madagascar,2001,7219,MDG
1215,Madagascar,2000,29305,MDG
1216,Madagascar,1999,9973,MDG
1217,Madagascar,1996,0,MDG
1218,Madagascar,1971,2,MDG
1219,Malawi,2016,1792,MWI
1220,Malawi,2015,693,MWI
1221,Malawi,2012,187,MWI
1222,Malawi,2011,120,MWI
1223,Malawi,2010,1155,MWI
1224,Malawi,2009,5751,MWI
1225,Malawi,2008,831,MWI
1226,Malawi,2007,475,MWI
1227,Malawi,2006,4148,MWI
1228,Malawi,2005,1105,MWI
1229,Malawi,2004,675,MWI
1230,Malawi,2003,2736,MWI
1231,Malawi,2002,32618,MWI
1232,Malawi,2001,2395,MWI
1233,Malawi,2000,2391,MWI
1234,Malawi,1999,26508,MWI
1235,Malawi,1998,1745,MWI
1236,Malawi,1997,130,MWI
1237,Malawi,1996,1,MWI
1238,Malawi,1995,1,MWI
1239,Malawi,1994,107,MWI
1240,Malawi,1993,25193,MWI
1241,Malawi,1992,298,MWI
1242,Malawi,1991,8088,MWI
1243,Malawi,1990,13457,MWI
1244,Malawi,1989,8351,MWI
1245,Malawi,1988,6,MWI
1246,Malawi,1983,487,MWI
1247,Malawi,1981,261,MWI
1248,Malawi,1978,263,MWI
1249,Malawi,1977,577,MWI
1250,Malawi,1976,19,MWI
1251,Malawi,1973,371,MWI
1252,Malaysia,2015,244,MYS
1253,Malaysia,2014,134,MYS
1254,Malaysia,2013,171,MYS
1255,Malaysia,2012,282,MYS
1256,Malaysia,2011,586,MYS
1257,Malaysia,2010,443,MYS
1258,Malaysia,2009,187,MYS
1259,Malaysia,2007,0,MYS
1260,Malaysia,2006,237,MYS
1261,Malaysia,2004,16,MYS
1262,Malaysia,2001,557,MYS
1263,Malaysia,2000,124,MYS
1264,Malaysia,1999,535,MYS
1265,Malaysia,1998,1304,MYS
1266,Malaysia,1997,389,MYS
1267,Malaysia,1996,1486,MYS
1268,Malaysia,1995,2209,MYS
1269,Malaysia,1994,534,MYS
1270,Malaysia,1993,995,MYS
1271,Malaysia,1992,474,MYS
1272,Malaysia,1991,506,MYS
1273,Malaysia,1990,2071,MYS
1274,Malaysia,1989,393,MYS
1275,Malaysia,1988,1324,MYS
1276,Malaysia,1987,1168,MYS
1277,Malaysia,1986,55,MYS
1278,Malaysia,1985,52,MYS
1279,Malaysia,1984,67,MYS
1280,Malaysia,1983,2195,MYS
1281,Malaysia,1982,516,MYS
1282,Malaysia,1981,469,MYS
1283,Malaysia,1980,97,MYS
1284,Malaysia,1979,502,MYS
1285,Malaysia,1978,1635,MYS
1286,Malaysia,1977,444,MYS
1287,Malaysia,1976,246,MYS
1288,Malaysia,1975,110,MYS
1289,Malaysia,1974,349,MYS
1290,Malaysia,1973,369,MYS
1291,Malaysia,1972,864,MYS
1292,Malaysia,1971,53,MYS
1293,Malaysia,1970,106,MYS
1294,Malaysia,1969,70,MYS
1295,Malaysia,1968,15,MYS
1296,Malaysia,1966,5,MYS
1297,Malaysia,1965,16,MYS
1298,Malaysia,1964,512,MYS
1299,Malaysia,1963,349,MYS
1300,Malaysia,1954,1,MYS
1301,Maldives,1978,11336,MDV
1302,Mali,2013,23,MLI
1303,Mali,2012,219,MLI
1304,Mali,2011,2220,MLI
1305,Mali,2008,153,MLI
1306,Mali,2006,7,MLI
1307,Mali,2005,1178,MLI
1308,Mali,2004,2839,MLI
1309,Mali,2003,1455,MLI
1310,Mali,2002,18,MLI
1311,Mali,2001,67,MLI
1312,Mali,2000,1885,MLI
1313,Mali,1999,6,MLI
1314,Mali,1997,6,MLI
1315,Mali,1996,5723,MLI
1316,Mali,1995,2191,MLI
1317,Mali,1987,352,MLI
1318,Mali,1986,1916,MLI
1319,Mali,1985,3759,MLI
1320,Mali,1984,1795,MLI
1321,Mali,1974,130,MLI
1322,Mali,1973,219,MLI
1323,Mali,1972,2,MLI
1324,Mali,1971,4792,MLI
1325,Mali,1970,2665,MLI
1326,Marshall Islands,2000,300,MHL
1327,Mauritania,2011,46,MRT
1328,Mauritania,2007,3,MRT
1329,Mauritania,2006,25,MRT
1330,Mauritania,2005,4132,MRT
1331,Mauritania,2003,34,MRT
1332,Mauritania,2002,80,MRT
1333,Mauritania,1997,462,MRT
1334,Mauritania,1996,4534,MRT
1335,Mauritania,1989,700,MRT
1336,Mauritania,1988,575,MRT
1337,Mauritania,1987,1578,MRT
1338,Mauritania,1986,3734,MRT
1339,Mauritania,1985,259,MRT
1340,Mauritania,1984,166,MRT
1341,Mauritania,1973,150,MRT
1342,Mauritania,1972,148,MRT
1343,Mauritania,1971,1139,MRT
1344,Mauritius,2006,0,MUS
1345,Mauritius,2005,0,MUS
1346,Mexico,2015,1,MEX
1347,Mexico,2014,14,MEX
1348,Mexico,2013,187,MEX
1349,Mexico,2012,2,MEX
1350,Mexico,2011,1,MEX
1351,Mexico,2010,1,MEX
1352,Mexico,2008,1,MEX
1353,Mexico,2001,1,MEX
1354,Mexico,2000,5,MEX
1355,Mexico,1998,71,MEX
1356,Mexico,1997,2356,MEX
1357,Mexico,1996,1088,MEX
1358,Mexico,1995,16430,MEX
1359,Mexico,1994,4059,MEX
1360,Mexico,1993,10712,MEX
1361,Mexico,1992,8162,MEX
1362,Mexico,1991,2690,MEX
1363,Micronesia (Federated States of),2005,0,FSM
1364,Micronesia (Federated States of),2001,14,FSM
1365,Micronesia (Federated States of),2000,3452,FSM
1366,Micronesia (Federated States of),1996,1,FSM
1367,Micronesia (Federated States of),1990,34,FSM
1368,Mongolia,2005,0,MNG
1369,Mongolia,1996,177,MNG
1370,Morocco,1994,6,MAR
1371,Morocco,1990,4573,MAR
1372,Morocco,1976,2,MAR
1373,Morocco,1972,7,MAR
1374,Morocco,1971,56,MAR
1375,Mozambique,2016,883,MOZ
1376,Mozambique,2015,8739,MOZ
1377,Mozambique,2014,480,MOZ
1378,Mozambique,2013,1869,MOZ
1379,Mozambique,2012,647,MOZ
1380,Mozambique,2011,1279,MOZ
1381,Mozambique,2010,7430,MOZ
1382,Mozambique,2009,19679,MOZ
1383,Mozambique,2008,9087,MOZ
1384,Mozambique,2007,2622,MOZ
1385,Mozambique,2006,6306,MOZ
1386,Mozambique,2005,2226,MOZ
1387,Mozambique,2004,20080,MOZ
1388,Mozambique,2003,13758,MOZ
1389,Mozambique,2002,24375,MOZ
1390,Mozambique,2001,8794,MOZ
1391,Mozambique,2000,17649,MOZ
1392,Mozambique,1999,44329,MOZ
1393,Mozambique,1998,42672,MOZ
1394,Mozambique,1997,8739,MOZ
1395,Mozambique,1996,0,MOZ
1396,Mozambique,1994,692,MOZ
1397,Mozambique,1993,19803,MOZ
1398,Mozambique,1992,30802,MOZ
1399,Mozambique,1991,7847,MOZ
1400,Mozambique,1990,4152,MOZ
1401,Mozambique,1989,371,MOZ
1402,Mozambique,1986,1,MOZ
1403,Mozambique,1985,3,MOZ
1404,Mozambique,1984,521,MOZ
1405,Mozambique,1983,10745,MOZ
1406,Mozambique,1982,2301,MOZ
1407,Mozambique,1981,1753,MOZ
1408,Mozambique,1980,1212,MOZ
1409,Mozambique,1979,4564,MOZ
1410,Mozambique,1977,18,MOZ
1411,Mozambique,1976,3,MOZ
1412,Mozambique,1975,11,MOZ
1413,Mozambique,1974,1018,MOZ
1414,Mozambique,1973,453,MOZ
1415,Myanmar,2016,782,MMR
1416,Myanmar,2015,103,MMR
1417,Myanmar,2014,400,MMR
1418,Myanmar,2013,33,MMR
1419,Myanmar,2012,174,MMR
1420,Myanmar,2011,16,MMR
1421,Myanmar,2008,45,MMR
1422,Myanmar,1995,1296,MMR
1423,Myanmar,1994,421,MMR
1424,Myanmar,1993,1758,MMR
1425,Myanmar,1992,826,MMR
1426,Myanmar,1991,924,MMR
1427,Myanmar,1989,597,MMR
1428,Myanmar,1983,989,MMR
1429,Myanmar,1981,28,MMR
1430,Myanmar,1980,1018,MMR
1431,Myanmar,1979,874,MMR
1432,Myanmar,1978,3551,MMR
1433,Myanmar,1976,1519,MMR
1434,Myanmar,1975,2942,MMR
1435,Myanmar,1974,2363,MMR
1436,Myanmar,1973,386,MMR
1437,Myanmar,1972,180,MMR
1438,Myanmar,1971,378,MMR
1439,Myanmar,1970,911,MMR
1440,Myanmar,1969,205,MMR
1441,Myanmar,1968,3,MMR
1442,Myanmar,1967,9,MMR
1443,Myanmar,1966,263,MMR
1444,Myanmar,1965,207,MMR
1445,Myanmar,1964,922,MMR
1446,Myanmar,1963,3019,MMR
1447,Myanmar,1962,1,MMR
1448,Myanmar,1961,1,MMR
1449,Myanmar,1960,259,MMR
1450,Myanmar,1959,3,MMR
1451,Myanmar,1958,7,MMR
1452,Myanmar,1957,10,MMR
1453,Myanmar,1956,13,MMR
1454,Myanmar,1955,42,MMR
1455,Myanmar,1954,35,MMR
1456,Myanmar,1953,22,MMR
1457,Myanmar,1952,347,MMR
1458,Myanmar,1951,6753,MMR
1459,Myanmar,1950,4212,MMR
1460,Namibia,2014,485,NAM
1461,Namibia,2013,3,NAM
1462,Namibia,2009,159,NAM
1463,Namibia,2008,3496,NAM
1464,Namibia,2007,14,NAM
1465,Namibia,2006,185,NAM
1466,Namibia,2005,0,NAM
1467,Nauru,1979,50,NRU
1468,Nauru,1978,38,NRU
1469,Nepal,2016,169,NPL
1470,Nepal,2015,80,NPL
1471,Nepal,2014,933,NPL
1472,Nepal,2012,34,NPL
1473,Nepal,2011,12,NPL
1474,Nepal,2010,1790,NPL
1475,Nepal,2009,82,NPL
1476,Nepal,2007,264,NPL
1477,Nepal,1998,1745,NPL
1478,Nepal,1997,245,NPL
1479,Nepal,1996,274,NPL
1480,Nepal,1995,157,NPL
1481,Nepal,1994,32,NPL
1482,Nepal,1993,31,NPL
1483,Nepal,1992,798,NPL
1484,Nepal,1991,30648,NPL
1485,Nepal,1990,23888,NPL
1486,Nepal,1989,141,NPL
1487,Nepal,1981,24,NPL
1488,Nepal,1980,1,NPL
1489,Nepal,1979,22,NPL
1490,Nepal,1978,1662,NPL
1491,Nepal,1977,428,NPL
1492,Nepal,1976,185,NPL
1493,Nepal,1975,260,NPL
1494,Nepal,1974,8,NPL
1495,Nepal,1973,7,NPL
1496,Nepal,1972,1,NPL
1497,Nepal,1971,4,NPL
1498,Nepal,1970,391,NPL
1499,Nepal,1969,226,NPL
1500,Nepal,1968,34,NPL
1501,Nepal,1966,2,NPL
1502,Nepal,1965,727,NPL
1503,Nepal,1958,2706,NPL
1504,Netherlands,2016,1,NLD
1505,Netherlands,2008,5,NLD
1506,Netherlands,2006,3,NLD
1507,Netherlands,2005,4,NLD
1508,Netherlands,2004,1,NLD
1509,Netherlands,2003,1,NLD
1510,Netherlands,2002,1,NLD
1511,Netherlands,2000,1,NLD
1512,Netherlands,1999,2,NLD
1513,Netherlands,1998,4,NLD
1514,Netherlands,1997,2,NLD
1515,Netherlands,1996,3,NLD
1516,Netherlands,1995,9,NLD
1517,Netherlands,1994,1,NLD
1518,Netherlands,1993,3,NLD
1519,Netherlands,1990,3,NLD
1520,Netherlands,1988,1,NLD
1521,Netherlands,1983,2,NLD
1522,Netherlands,1981,2,NLD
1523,Netherlands,1979,5,NLD
1524,Netherlands,1978,4,NLD
1525,Netherlands,1977,1,NLD
1526,Netherlands,1976,1,NLD
1527,New Zealand,2005,1,NZL
1528,New Zealand,2001,1,NZL
1529,New Zealand,1999,1,NZL
1530,New Zealand,1998,1,NZL
1531,New Zealand,1995,2,NZL
1532,New Zealand,1994,2,NZL
1533,New Zealand,1990,5,NZL
1534,New Zealand,1987,2,NZL
1535,New Zealand,1972,3,NZL
1536,Nicaragua,2000,12,NIC
1537,Nicaragua,1999,552,NIC
1538,Nicaragua,1998,1437,NIC
1539,Nicaragua,1997,1283,NIC
1540,Nicaragua,1996,2813,NIC
1541,Nicaragua,1995,8825,NIC
1542,Nicaragua,1994,7821,NIC
1543,Nicaragua,1993,6631,NIC
1544,Nicaragua,1992,3067,NIC
1545,Nicaragua,1991,1,NIC
1546,Niger,2016,38,NER
1547,Niger,2015,51,NER
1548,Niger,2014,2059,NER
1549,Niger,2013,585,NER
1550,Niger,2012,5284,NER
1551,Niger,2011,2324,NER
1552,Niger,2010,1154,NER
1553,Niger,2008,972,NER
1554,Niger,2007,24,NER
1555,Niger,2006,1232,NER
1556,Niger,2005,553,NER
1557,Niger,2004,2178,NER
1558,Niger,2003,292,NER
1559,Niger,2002,236,NER
1560,Niger,2001,81,NER
1561,Niger,2000,225,NER
1562,Niger,1999,1186,NER
1563,Niger,1997,259,NER
1564,Niger,1996,3957,NER
1565,Niger,1995,264,NER
1566,Niger,1994,732,NER
1567,Niger,1991,3238,NER
1568,Niger,1989,166,NER
1569,Niger,1984,3788,NER
1570,Niger,1981,7,NER
1571,Niger,1974,286,NER
1572,Niger,1973,121,NER
1573,Niger,1972,51,NER
1574,Niger,1971,9265,NER
1575,Niger,1970,16,NER
1576,Nigeria,2016,768,NGA
1577,Nigeria,2015,5290,NGA
1578,Nigeria,2014,35996,NGA
1579,Nigeria,2013,6600,NGA
1580,Nigeria,2012,597,NGA
1581,Nigeria,2011,23377,NGA
1582,Nigeria,2010,44456,NGA
1583,Nigeria,2009,13691,NGA
1584,Nigeria,2008,5410,NGA
1585,Nigeria,2007,1661,NGA
1586,Nigeria,2006,2028,NGA
1587,Nigeria,2005,4477,NGA
1588,Nigeria,2004,3186,NGA
1589,Nigeria,2003,1933,NGA
1590,Nigeria,2002,5429,NGA
1591,Nigeria,2001,2312,NGA
1592,Nigeria,2000,2799,NGA
1593,Nigeria,1999,26358,NGA
1594,Nigeria,1998,3464,NGA
1595,Nigeria,1997,1322,NGA
1596,Nigeria,1996,12374,NGA
1597,Nigeria,1995,1059,NGA
1598,Nigeria,1994,2859,NGA
1599,Nigeria,1993,4160,NGA
1600,Nigeria,1992,8687,NGA
1601,Nigeria,1991,59478,NGA
1602,Nigeria,1989,1078,NGA
1603,Nigeria,1988,137,NGA
1604,Nigeria,1987,1290,NGA
1605,Nigeria,1986,91,NGA
1606,Nigeria,1985,30,NGA
1607,Nigeria,1984,1667,NGA
1608,Nigeria,1983,178,NGA
1609,Nigeria,1982,248,NGA
1610,Nigeria,1981,107,NGA
1611,Nigeria,1980,138,NGA
1612,Nigeria,1979,293,NGA
1613,Nigeria,1978,197,NGA
1614,Nigeria,1977,376,NGA
1615,Nigeria,1976,112,NGA
1616,Nigeria,1975,38,NGA
1617,Nigeria,1973,157,NGA
1618,Nigeria,1972,1363,NGA
1619,Nigeria,1971,22931,NGA
1620,Nigeria,1970,15,NGA
1621,Norway,2015,1,NOR
1622,Norway,2007,1,NOR
1623,Norway,2006,1,NOR
1624,Norway,2005,1,NOR
1625,Norway,1998,2,NOR
1626,Norway,1995,1,NOR
1627,Norway,1989,1,NOR
1628,Norway,1987,1,NOR
1629,Oman,2015,1,OMN
1630,Oman,2002,1,OMN
1631,Oman,2001,7,OMN
1632,Oman,1971,9,OMN
1633,Pakistan,2014,1218,PAK
1634,Pakistan,2013,1069,PAK
1635,Pakistan,2012,144,PAK
1636,Pakistan,2011,527,PAK
1637,Pakistan,2010,164,PAK
1638,Pakistan,1993,12092,PAK
1639,Pakistan,1981,4,PAK
1640,Pakistan,1977,12,PAK
1641,Pakistan,1976,144,PAK
1642,Pakistan,1971,1185,PAK
1643,Pakistan,1970,2,PAK
1644,Pakistan,1969,717,PAK
1645,Pakistan,1968,3932,PAK
1646,Pakistan,1965,21,PAK
1647,Pakistan,1960,6704,PAK
1648,Pakistan,1958,366,PAK
1649,Panama,1993,42,PAN
1650,Panama,1992,2416,PAN
1651,Panama,1991,1178,PAN
1652,Papua New Guinea,2011,1535,PNG
1653,Papua New Guinea,2010,8997,PNG
1654,Papua New Guinea,2009,1957,PNG
1655,Papua New Guinea,2005,0,PNG
1656,Papua New Guinea,1962,1293,PNG
1657,Paraguay,2009,5,PRY
1658,Paraguay,1996,4,PRY
1659,Paraguay,1993,3,PRY
1660,Peru,2002,16,PER
1661,Peru,2001,494,PER
1662,Peru,2000,934,PER
1663,Peru,1999,1546,PER
1664,Peru,1998,41717,PER
1665,Peru,1997,3483,PER
1666,Peru,1996,4518,PER
1667,Peru,1995,22397,PER
1668,Peru,1994,23887,PER
1669,Peru,1993,72404,PER
1670,Peru,1992,242237,PER
1671,Peru,1991,322562,PER
1672,Philippines,2016,124,PHL
1673,Philippines,2014,4547,PHL
1674,Philippines,2013,6,PHL
1675,Philippines,2012,1864,PHL
1676,Philippines,2011,120,PHL
1677,Philippines,2010,33,PHL
1678,Philippines,2007,0,PHL
1679,Philippines,2006,66,PHL
1680,Philippines,2005,139,PHL
1681,Philippines,2004,533,PHL
1682,Philippines,2001,174,PHL
1683,Philippines,2000,275,PHL
1684,Philippines,1999,330,PHL
1685,Philippines,1998,729,PHL
1686,Philippines,1997,605,PHL
1687,Philippines,1996,1402,PHL
1688,Philippines,1995,847,PHL
1689,Philippines,1994,3340,PHL
1690,Philippines,1993,708,PHL
1691,Philippines,1992,345,PHL
1692,Philippines,1985,10,PHL
1693,Philippines,1982,930,PHL
1694,Philippines,1981,864,PHL
1695,Philippines,1980,836,PHL
1696,Philippines,1979,1268,PHL
1697,Philippines,1978,1408,PHL
1698,Philippines,1977,1363,PHL
1699,Philippines,1976,1258,PHL
1700,Philippines,1975,680,PHL
1701,Philippines,1974,1730,PHL
1702,Philippines,1973,2840,PHL
1703,Philippines,1972,5601,PHL
1704,Philippines,1971,3585,PHL
1705,Philippines,1970,1095,PHL
1706,Philippines,1969,1541,PHL
1707,Philippines,1968,2787,PHL
1708,Philippines,1967,1629,PHL
1709,Philippines,1966,5261,PHL
1710,Philippines,1965,4581,PHL
1711,Philippines,1964,16464,PHL
1712,Philippines,1963,3979,PHL
1713,Philippines,1962,13015,PHL
1714,Philippines,1961,9923,PHL
1715,Poland,2005,1,POL
1716,Poland,1994,1,POL
1717,Poland,1981,1,POL
1718,Portugal,1995,1,PRT
1719,Portugal,1994,1,PRT
1720,Portugal,1975,1066,PRT
1721,Portugal,1974,2467,PRT
1722,Portugal,1971,64,PRT
1723,Qatar,2005,2,QAT
1724,Qatar,2004,1,QAT
1725,Qatar,2002,1,QAT
1726,Romania,1995,118,ROU
1727,Romania,1994,80,ROU
1728,Romania,1993,15,ROU
1729,Romania,1992,3,ROU
1730,Romania,1991,226,ROU
1731,Romania,1990,270,ROU
1732,Russian Federation,2014,1,RUS
1733,Russian Federation,2012,1,RUS
1734,Russian Federation,2010,3,RUS
1735,Russian Federation,2007,1,RUS
1736,Russian Federation,2006,1,RUS
1737,Russian Federation,2004,1,RUS
1738,Russian Federation,2001,53,RUS
1739,Russian Federation,1999,8,RUS
1740,Russian Federation,1998,10,RUS
1741,Russian Federation,1997,11,RUS
1742,Russian Federation,1996,4,RUS
1743,Russian Federation,1995,9,RUS
1744,Russian Federation,1994,1048,RUS
1745,Russian Federation,1993,23,RUS
1746,Russian Federation,1992,6,RUS
1747,Russian Federation,1991,78,RUS
1748,Russian Federation,1990,49,RUS
1749,Russian Federation,1977,1,RUS
1750,Russian Federation,1976,1,RUS
1751,Russian Federation,1970,720,RUS
1752,Rwanda,2016,355,RWA
1753,Rwanda,2012,9,RWA
1754,Rwanda,2009,67,RWA
1755,Rwanda,2008,23,RWA
1756,Rwanda,2007,1453,RWA
1757,Rwanda,2006,405,RWA
1758,Rwanda,2005,89,RWA
1759,Rwanda,2004,586,RWA
1760,Rwanda,2003,12,RWA
1761,Rwanda,2001,157,RWA
1762,Rwanda,2000,1235,RWA
1763,Rwanda,1999,327,RWA
1764,Rwanda,1998,3220,RWA
1765,Rwanda,1997,274,RWA
1766,Rwanda,1996,106,RWA
1767,Rwanda,1995,3,RWA
1768,Rwanda,1994,10,RWA
1769,Rwanda,1993,568,RWA
1770,Rwanda,1992,503,RWA
1771,Rwanda,1991,679,RWA
1772,Rwanda,1989,1,RWA
1773,Rwanda,1988,70,RWA
1774,Rwanda,1987,101,RWA
1775,Rwanda,1986,226,RWA
1776,Rwanda,1985,21,RWA
1777,Rwanda,1984,161,RWA
1778,Rwanda,1983,54,RWA
1779,Rwanda,1982,201,RWA
1780,Rwanda,1981,24,RWA
1781,Rwanda,1980,30,RWA
1782,Rwanda,1979,5,RWA
1783,Rwanda,1978,838,RWA
1784,Samoa,1980,1,WSM
1785,Sao Tome and Principe,2008,119,STP
1786,Sao Tome and Principe,2007,90,STP
1787,Sao Tome and Principe,2006,926,STP
1788,Sao Tome and Principe,2005,1966,STP
1789,Sao Tome and Principe,1991,3,STP
1790,Sao Tome and Principe,1990,804,STP
1791,Sao Tome and Principe,1989,3953,STP
1792,Saudi Arabia,2002,38,SAU
1793,Saudi Arabia,1986,74,SAU
1794,Saudi Arabia,1981,13,SAU
1795,Saudi Arabia,1980,2,SAU
1796,Saudi Arabia,1979,23,SAU
1797,Saudi Arabia,1978,30,SAU
1798,Saudi Arabia,1977,18,SAU
1799,Saudi Arabia,1976,50,SAU
1800,Saudi Arabia,1975,91,SAU
1801,Saudi Arabia,1972,303,SAU
1802,Saudi Arabia,1970,266,SAU
1803,Senegal,2012,1,SEN
1804,Senegal,2011,5,SEN
1805,Senegal,2010,3,SEN
1806,Senegal,2009,4,SEN
1807,Senegal,2008,1283,SEN
1808,Senegal,2007,3984,SEN
1809,Senegal,2006,365,SEN
1810,Senegal,2005,31719,SEN
1811,Senegal,2004,1227,SEN
1812,Senegal,1997,371,SEN
1813,Senegal,1996,16107,SEN
1814,Senegal,1995,3332,SEN
1815,Senegal,1988,390,SEN
1816,Senegal,1987,3150,SEN
1817,Senegal,1986,476,SEN
1818,Senegal,1985,2988,SEN
1819,Senegal,1984,728,SEN
1820,Senegal,1981,428,SEN
1821,Senegal,1979,103,SEN
1822,Senegal,1978,315,SEN
1823,Senegal,1972,379,SEN
1824,Senegal,1971,265,SEN
1825,Seychelles,2008,0,SYC
1826,Seychelles,2007,178,SYC
1827,Seychelles,2006,0,SYC
1828,Seychelles,2005,0,SYC
1829,Sierra Leone,2013,377,SLE
1830,Sierra Leone,2012,23124,SLE
1831,Sierra Leone,2008,62,SLE
1832,Sierra Leone,2007,2219,SLE
1833,Sierra Leone,2006,2560,SLE
1834,Sierra Leone,2005,6,SLE
1835,Sierra Leone,2004,513,SLE
1836,Sierra Leone,1999,863,SLE
1837,Sierra Leone,1998,2096,SLE
1838,Sierra Leone,1995,10285,SLE
1839,Sierra Leone,1994,9709,SLE
1840,Sierra Leone,1987,557,SLE
1841,Sierra Leone,1986,8957,SLE
1842,Sierra Leone,1977,12,SLE
1843,Sierra Leone,1971,211,SLE
1844,Sierra Leone,1970,293,SLE
1845,Singapore,2014,2,SGP
1846,Singapore,2013,2,SGP
1847,Singapore,2012,2,SGP
1848,Singapore,2011,2,SGP
1849,Singapore,2004,11,SGP
1850,Singapore,2003,1,SGP
1851,Singapore,2002,2,SGP
1852,Singapore,2001,8,SGP
1853,Singapore,2000,10,SGP
1854,Singapore,1999,11,SGP
1855,Singapore,1998,31,SGP
1856,Singapore,1997,19,SGP
1857,Singapore,1996,19,SGP
1858,Singapore,1995,14,SGP
1859,Singapore,1994,41,SGP
1860,Singapore,1993,24,SGP
1861,Singapore,1992,17,SGP
1862,Singapore,1991,34,SGP
1863,Singapore,1990,26,SGP
1864,Singapore,1989,39,SGP
1865,Singapore,1988,19,SGP
1866,Singapore,1987,63,SGP
1867,Singapore,1986,27,SGP
1868,Singapore,1985,27,SGP
1869,Singapore,1984,40,SGP
1870,Singapore,1983,14,SGP
1871,Singapore,1982,31,SGP
1872,Singapore,1981,34,SGP
1873,Singapore,1980,18,SGP
1874,Singapore,1979,10,SGP
1875,Singapore,1978,83,SGP
1876,Singapore,1977,11,SGP
1877,Singapore,1975,10,SGP
1878,Singapore,1974,8,SGP
1879,Singapore,1973,1,SGP
1880,Singapore,1972,114,SGP
1881,Singapore,1969,11,SGP
1882,Singapore,1968,6,SGP
1883,Singapore,1964,24,SGP
1884,Singapore,1963,27,SGP
1885,Singapore,1953,0,SGP
1886,Slovenia,2007,0,SVN
1887,Somalia,2016,15619,SOM
1888,Somalia,2015,7536,SOM
1889,Somalia,2014,2820,SOM
1890,Somalia,2013,6864,SOM
1891,Somalia,2012,22576,SOM
1892,Somalia,2011,77636,SOM
1893,Somalia,2010,3510,SOM
1894,Somalia,2009,208,SOM
1895,Somalia,2008,1281,SOM
1896,Somalia,2007,41643,SOM
1897,Somalia,2004,4490,SOM
1898,Somalia,2003,11020,SOM
1899,Somalia,2002,2775,SOM
1900,Somalia,2001,2567,SOM
1901,Somalia,2000,7496,SOM
1902,Somalia,1999,17757,SOM
1903,Somalia,1998,4417,SOM
1904,Somalia,1997,6814,SOM
1905,Somalia,1996,10274,SOM
1906,Somalia,1995,9255,SOM
1907,Somalia,1994,28334,SOM
1908,Somalia,1986,15980,SOM
1909,Somalia,1985,10199,SOM
1910,Somalia,1971,89,SOM
1911,Somalia,1970,43,SOM
1912,South Africa,2013,1,ZAF
1913,South Africa,2009,10520,ZAF
1914,South Africa,2008,3907,ZAF
1915,South Africa,2006,0,ZAF
1916,South Africa,2005,3503,ZAF
1917,South Africa,2004,2767,ZAF
1918,South Africa,2003,3901,ZAF
1919,South Africa,2002,10004,ZAF
1920,South Africa,2001,106159,ZAF
1921,South Africa,2000,19667,ZAF
1922,South Africa,1999,68,ZAF
1923,South Africa,1998,20,ZAF
1924,South Africa,1994,4,ZAF
1925,South Africa,1993,78,ZAF
1926,South Africa,1992,11,ZAF
1927,South Africa,1991,10,ZAF
1928,South Africa,1987,37,ZAF
1929,South Africa,1986,120,ZAF
1930,South Africa,1985,2742,ZAF
1931,South Africa,1984,1182,ZAF
1932,South Africa,1983,4715,ZAF
1933,South Africa,1982,11968,ZAF
1934,South Africa,1981,4180,ZAF
1935,South Africa,1980,859,ZAF
1936,South Africa,1979,2,ZAF
1937,South Africa,1974,37,ZAF
1938,South Africa,1973,1,ZAF
1939,South Sudan,2016,4295,SSD
1940,South Sudan,2015,1818,SSD
1941,South Sudan,2014,6421,SSD
1942,Spain,2015,2,ESP
1943,Spain,2008,5,ESP
1944,Spain,2007,2,ESP
1945,Spain,2006,2,ESP
1946,Spain,2002,1,ESP
1947,Spain,2001,1,ESP
1948,Spain,1996,1,ESP
1949,Spain,1995,6,ESP
1950,Spain,1994,1,ESP
1951,Spain,1993,3,ESP
1952,Spain,1991,1,ESP
1953,Spain,1990,11,ESP
1954,Spain,1989,3,ESP
1955,Spain,1987,2,ESP
1956,Spain,1984,4,ESP
1957,Spain,1983,2,ESP
1958,Spain,1982,2,ESP
1959,Spain,1980,4,ESP
1960,Spain,1979,267,ESP
1961,Spain,1976,2,ESP
1962,Spain,1975,11,ESP
1963,Spain,1974,5,ESP
1964,Spain,1971,22,ESP
1965,Sri Lanka,2002,9,LKA
1966,Sri Lanka,2000,2,LKA
1967,Sri Lanka,1999,108,LKA
1968,Sri Lanka,1998,1536,LKA
1969,Sri Lanka,1997,430,LKA
1970,Sri Lanka,1993,1,LKA
1971,Sri Lanka,1992,121,LKA
1972,Sri Lanka,1991,70,LKA
1973,Sri Lanka,1988,154,LKA
1974,Sri Lanka,1983,86,LKA
1975,Sri Lanka,1982,309,LKA
1976,Sri Lanka,1981,574,LKA
1977,Sri Lanka,1980,104,LKA
1978,Sri Lanka,1979,46,LKA
1979,Sri Lanka,1978,48,LKA
1980,Sri Lanka,1977,5,LKA
1981,Sri Lanka,1976,728,LKA
1982,Sri Lanka,1975,1453,LKA
1983,Sri Lanka,1974,4559,LKA
1984,Sri Lanka,1973,118,LKA
1985,Sudan,2009,13681,SDN
1986,Sudan,2008,17241,SDN
1987,Sudan,2007,13731,SDN
1988,Sudan,2006,30662,SDN
1989,Sudan,1999,0,SDN
1990,Sudan,1985,4457,SDN
1991,Sudan,1980,17,SDN
1992,Sudan,1979,845,SDN
1993,Suriname,1992,12,SUR
1994,Swaziland,2009,19,SWZ
1995,Swaziland,2008,1,SWZ
1996,Swaziland,2007,0,SWZ
1997,Swaziland,2006,18,SWZ
1998,Swaziland,2005,0,SWZ
1999,Swaziland,2004,1075,SWZ
2000,Swaziland,2003,32,SWZ
2001,Swaziland,2002,134,SWZ
2002,Swaziland,2001,5612,SWZ
2003,Swaziland,2000,141,SWZ
2004,Swaziland,1999,7,SWZ
2005,Swaziland,1998,7,SWZ
2006,Swaziland,1996,2,SWZ
2007,Swaziland,1992,2281,SWZ
2008,Swaziland,1982,538,SWZ
2009,Swaziland,1981,238,SWZ
2010,Swaziland,1978,2,SWZ
2011,Sweden,2015,1,SWE
2012,Sweden,2011,1,SWE
2013,Sweden,2006,1,SWE
2014,Sweden,2004,1,SWE
2015,Sweden,2003,1,SWE
2016,Sweden,1996,1,SWE
2017,Sweden,1995,2,SWE
2018,Sweden,1994,1,SWE
2019,Sweden,1992,1,SWE
2020,Sweden,1987,1,SWE
2021,Sweden,1986,1,SWE
2022,Sweden,1979,1,SWE
2023,Sweden,1976,1,SWE
2024,Sweden,1974,1,SWE
2025,Sweden,1973,10,SWE
2026,Sweden,1971,4,SWE
2027,Switzerland,2015,2,CHE
2028,Switzerland,2006,1,CHE
2029,Switzerland,1998,2,CHE
2030,Switzerland,1995,2,CHE
2031,Switzerland,1993,2,CHE
2032,Switzerland,1992,1,CHE
2033,Switzerland,1988,1,CHE
2034,Switzerland,1985,1,CHE
2035,Switzerland,1981,2,CHE
2036,Switzerland,1978,1,CHE
2037,Switzerland,1977,1,CHE
2038,Syrian Arab Republic,1979,689,SYR
2039,Syrian Arab Republic,1977,2362,SYR
2040,Syrian Arab Republic,1976,795,SYR
2041,Syrian Arab Republic,1975,67,SYR
2042,Syrian Arab Republic,1972,505,SYR
2043,Syrian Arab Republic,1971,5,SYR
2044,Syrian Arab Republic,1970,49,SYR
2045,Tajikistan,1994,10,TJK
2046,Tajikistan,1993,165,TJK
2047,Thailand,2016,52,THA
2048,Thailand,2015,125,THA
2049,Thailand,2014,12,THA
2050,Thailand,2013,8,THA
2051,Thailand,2012,29,THA
2052,Thailand,2011,279,THA
2053,Thailand,2010,1974,THA
2054,Thailand,2009,315,THA
2055,Thailand,2008,436,THA
2056,Thailand,2007,1428,THA
2057,Thailand,2006,35,THA
2058,Thailand,1994,3487,THA
2059,Thailand,1988,3418,THA
2060,Thailand,1987,6353,THA
2061,Thailand,1986,213,THA
2062,Thailand,1985,899,THA
2063,Thailand,1984,645,THA
2064,Thailand,1983,1497,THA
2065,Thailand,1982,638,THA
2066,Thailand,1981,39,THA
2067,Thailand,1980,4331,THA
2068,Thailand,1979,1788,THA
2069,Thailand,1978,4183,THA
2070,Thailand,1977,383,THA
2071,Thailand,1976,6,THA
2072,Thailand,1975,1335,THA
2073,Thailand,1974,1475,THA
2074,Thailand,1973,844,THA
2075,Thailand,1969,961,THA
2076,Thailand,1968,404,THA
2077,Thailand,1967,148,THA
2078,Thailand,1966,401,THA
2079,Thailand,1965,65,THA
2080,Thailand,1964,960,THA
2081,Thailand,1963,2230,THA
2082,Thailand,1959,4368,THA
2083,Thailand,1958,10201,THA
2084,Thailand,1951,1,THA
2085,Thailand,1949,16,THA
2086,Togo,2015,35,TGO
2087,Togo,2014,262,TGO
2088,Togo,2013,166,TGO
2089,Togo,2012,61,TGO
2090,Togo,2011,4,TGO
2091,Togo,2010,72,TGO
2092,Togo,2009,218,TGO
2093,Togo,2008,397,TGO
2094,Togo,2007,65,TGO
2095,Togo,2006,1159,TGO
2096,Togo,2005,1320,TGO
2097,Togo,2004,1080,TGO
2098,Togo,2003,384,TGO
2099,Togo,2002,257,TGO
2100,Togo,2001,2551,TGO
2101,Togo,2000,338,TGO
2102,Togo,1999,667,TGO
2103,Togo,1998,3217,TGO
2104,Togo,1997,42,TGO
2105,Togo,1996,146,TGO
2106,Togo,1995,65,TGO
2107,Togo,1994,47,TGO
2108,Togo,1993,19,TGO
2109,Togo,1992,753,TGO
2110,Togo,1991,2396,TGO
2111,Togo,1988,1,TGO
2112,Togo,1978,6,TGO
2113,Togo,1977,132,TGO
2114,Togo,1974,58,TGO
2115,Togo,1972,16,TGO
2116,Togo,1971,335,TGO
2117,Togo,1970,75,TGO
2118,Tonga,2001,145,TON
2119,Tunisia,1973,656,TUN
2120,Tunisia,1972,4,TUN
2121,Tunisia,1970,27,TUN
2122,Turkey,1977,17,TUR
2123,Turkey,1970,384,TUR
2124,Turkmenistan,2002,30,TKM
2125,Turkmenistan,2001,561,TKM
2126,Turkmenistan,1997,55,TKM
2127,Turkmenistan,1994,1,TKM
2128,Tuvalu,1992,293,TUV
2129,Tuvalu,1990,42,TUV
2130,Uganda,2016,516,UGA
2131,Uganda,2015,1461,UGA
2132,Uganda,2014,309,UGA
2133,Uganda,2013,748,UGA
2134,Uganda,2012,6326,UGA
2135,Uganda,2010,2341,UGA
2136,Uganda,2009,1095,UGA
2137,Uganda,2008,3726,UGA
2138,Uganda,2007,276,UGA
2139,Uganda,2006,5194,UGA
2140,Uganda,2005,4924,UGA
2141,Uganda,2004,3380,UGA
2142,Uganda,2003,4377,UGA
2143,Uganda,2002,2274,UGA
2144,Uganda,2001,247,UGA
2145,Uganda,2000,2807,UGA
2146,Uganda,1999,5179,UGA
2147,Uganda,1998,49514,UGA
2148,Uganda,1997,2610,UGA
2149,Uganda,1996,291,UGA
2150,Uganda,1995,538,UGA
2151,Uganda,1994,704,UGA
2152,Uganda,1992,5072,UGA
2153,Uganda,1991,279,UGA
2154,Uganda,1987,140,UGA
2155,Uganda,1982,190,UGA
2156,Uganda,1980,1539,UGA
2157,Uganda,1979,940,UGA
2158,Uganda,1978,1120,UGA
2159,Uganda,1975,3,UGA
2160,Uganda,1971,757,UGA
2161,Ukraine,2011,33,UKR
2162,Ukraine,2007,0,UKR
2163,Ukraine,1999,2,UKR
2164,Ukraine,1995,525,UKR
2165,Ukraine,1994,813,UKR
2166,Ukraine,1991,75,UKR
2167,United Arab Emirates,2002,3,ARE
2168,United Arab Emirates,1972,2,ARE
2169,United Kingdom of Great Britain and Northern Ireland,2016,19,GBR
2170,United Kingdom of Great Britain and Northern Ireland,2015,15,GBR
2171,United Kingdom of Great Britain and Northern Ireland,2014,14,GBR
2172,United Kingdom of Great Britain and Northern Ireland,2013,6,GBR
2173,United Kingdom of Great Britain and Northern Ireland,2012,17,GBR
2174,United Kingdom of Great Britain and Northern Ireland,2011,32,GBR
2175,United Kingdom of Great Britain and Northern Ireland,2010,8,GBR
2176,United Kingdom of Great Britain and Northern Ireland,2009,16,GBR
2177,United Kingdom of Great Britain and Northern Ireland,2008,8,GBR
2178,United Kingdom of Great Britain and Northern Ireland,2007,32,GBR
2179,United Kingdom of Great Britain and Northern Ireland,2006,49,GBR
2180,United Kingdom of Great Britain and Northern Ireland,2004,13,GBR
2181,United Kingdom of Great Britain and Northern Ireland,2003,9,GBR
2182,United Kingdom of Great Britain and Northern Ireland,2000,33,GBR
2183,United Kingdom of Great Britain and Northern Ireland,1998,18,GBR
2184,United Kingdom of Great Britain and Northern Ireland,1997,6,GBR
2185,United Kingdom of Great Britain and Northern Ireland,1996,13,GBR
2186,United Kingdom of Great Britain and Northern Ireland,1995,10,GBR
2187,United Kingdom of Great Britain and Northern Ireland,1994,18,GBR
2188,United Kingdom of Great Britain and Northern Ireland,1993,13,GBR
2189,United Kingdom of Great Britain and Northern Ireland,1992,5,GBR
2190,United Kingdom of Great Britain and Northern Ireland,1991,8,GBR
2191,United Kingdom of Great Britain and Northern Ireland,1990,6,GBR
2192,United Kingdom of Great Britain and Northern Ireland,1989,1,GBR
2193,United Kingdom of Great Britain and Northern Ireland,1988,10,GBR
2194,United Kingdom of Great Britain and Northern Ireland,1987,2,GBR
2195,United Kingdom of Great Britain and Northern Ireland,1986,11,GBR
2196,United Kingdom of Great Britain and Northern Ireland,1985,4,GBR
2197,United Kingdom of Great Britain and Northern Ireland,1984,5,GBR
2198,United Kingdom of Great Britain and Northern Ireland,1983,4,GBR
2199,United Kingdom of Great Britain and Northern Ireland,1982,1,GBR
2200,United Kingdom of Great Britain and Northern Ireland,1981,12,GBR
2201,United Kingdom of Great Britain and Northern Ireland,1980,6,GBR
2202,United Kingdom of Great Britain and Northern Ireland,1977,2,GBR
2203,United Kingdom of Great Britain and Northern Ireland,1976,1,GBR
2204,United Kingdom of Great Britain and Northern Ireland,1975,1,GBR
2205,United Kingdom of Great Britain and Northern Ireland,1974,3,GBR
2206,United Kingdom of Great Britain and Northern Ireland,1973,5,GBR
2207,United Kingdom of Great Britain and Northern Ireland,1972,2,GBR
2208,United Kingdom of Great Britain and Northern Ireland,1971,3,GBR
2209,United Kingdom of Great Britain and Northern Ireland,1970,1,GBR
2210,United States of America,2016,14,USA
2211,United States of America,2015,4,USA
2212,United States of America,2014,7,USA
2213,United States of America,2013,14,USA
2214,United States of America,2012,18,USA
2215,United States of America,2011,42,USA
2216,United States of America,2010,15,USA
2217,United States of America,2009,10,USA
2218,United States of America,2008,5,USA
2219,United States of America,2007,7,USA
2220,United States of America,2006,8,USA
2221,United States of America,2005,12,USA
2222,United States of America,2004,5,USA
2223,United States of America,2003,2,USA
2224,United States of America,2002,2,USA
2225,United States of America,2001,4,USA
2226,United States of America,2000,4,USA
2227,United States of America,1999,6,USA
2228,United States of America,1998,17,USA
2229,United States of America,1997,4,USA
2230,United States of America,1996,3,USA
2231,United States of America,1995,19,USA
2232,United States of America,1994,47,USA
2233,United States of America,1993,19,USA
2234,United States of America,1992,103,USA
2235,United States of America,1991,26,USA
2236,United States of America,1990,7,USA
2237,United States of America,1988,9,USA
2238,United States of America,1987,6,USA
2239,Uzbekistan,1994,1,UZB
2240,Venezuela (Bolivarian Republic of),2013,4,VEN
2241,Venezuela (Bolivarian Republic of),2011,49,VEN
2242,Venezuela (Bolivarian Republic of),2000,141,VEN
2243,Venezuela (Bolivarian Republic of),1999,376,VEN
2244,Venezuela (Bolivarian Republic of),1998,313,VEN
2245,Venezuela (Bolivarian Republic of),1997,2551,VEN
2246,Venezuela (Bolivarian Republic of),1996,269,VEN
2247,Venezuela (Bolivarian Republic of),1993,409,VEN
2248,Venezuela (Bolivarian Republic of),1992,2842,VEN
2249,Venezuela (Bolivarian Republic of),1991,15,VEN
2250,Viet Nam,2011,3,VNM
2251,Viet Nam,2010,606,VNM
2252,Viet Nam,2009,471,VNM
2253,Viet Nam,2008,853,VNM
2254,Viet Nam,2007,1946,VNM
2255,Viet Nam,2005,0,VNM
2256,Viet Nam,1999,169,VNM
2257,Viet Nam,1998,13,VNM
2258,Viet Nam,1997,4,VNM
2259,Viet Nam,1996,566,VNM
2260,Viet Nam,1995,6088,VNM
2261,Viet Nam,1994,5776,VNM
2262,Viet Nam,1993,3361,VNM
2263,Viet Nam,1992,4260,VNM
2264,Viet Nam,1991,52,VNM
2265,Viet Nam,1990,358,VNM
2266,Viet Nam,1989,143,VNM
2267,Viet Nam,1988,343,VNM
2268,Viet Nam,1987,216,VNM
2269,Viet Nam,1986,525,VNM
2270,Viet Nam,1985,502,VNM
2271,Viet Nam,1984,22,VNM
2272,Viet Nam,1983,392,VNM
2273,Viet Nam,1982,57,VNM
2274,Viet Nam,1981,157,VNM
2275,Viet Nam,1980,978,VNM
2276,Viet Nam,1979,365,VNM
2277,Viet Nam,1978,2,VNM
2278,Viet Nam,1977,32,VNM
2279,Viet Nam,1976,1068,VNM
2280,Viet Nam,1975,5,VNM
2281,Viet Nam,1974,139,VNM
2282,Viet Nam,1973,1495,VNM
2283,Viet Nam,1972,146,VNM
2284,Viet Nam,1971,270,VNM
2285,Viet Nam,1970,82,VNM
2286,Viet Nam,1969,2573,VNM
2287,Viet Nam,1968,1097,VNM
2288,Viet Nam,1967,7664,VNM
2289,Viet Nam,1966,8353,VNM
2290,Viet Nam,1965,1738,VNM
2291,Viet Nam,1964,20186,VNM
2292,Viet Nam,1954,3,VNM
2293,Viet Nam,1953,7,VNM
2294,Viet Nam,1952,7,VNM
2295,Viet Nam,1951,26,VNM
2296,Viet Nam,1950,9,VNM
2297,Yemen,2016,15751,YEM
2298,Yemen,2011,31789,YEM
2299,Yemen,2010,300,YEM
2300,Yemen,2009,55,YEM
2301,Yemen,1992,4,YEM
2302,Yemen,1980,720,YEM
2303,Yemen,1979,1953,YEM
2304,Yemen,1978,414,YEM
2305,Yemen,1975,1,YEM
2306,Yemen,1974,6,YEM
2307,Yemen,1973,215,YEM
2308,Yemen,1972,1064,YEM
2309,Yemen,1971,190,YEM
2310,Zambia,2012,198,ZMB
2311,Zambia,2011,330,ZMB
2312,Zambia,2010,6794,ZMB
2313,Zambia,2009,4712,ZMB
2314,Zambia,2008,2061,ZMB
2315,Zambia,2007,2286,ZMB
2316,Zambia,2006,5360,ZMB
2317,Zambia,2005,1503,ZMB
2318,Zambia,2004,12149,ZMB
2319,Zambia,2003,1049,ZMB
2320,Zambia,2002,339,ZMB
2321,Zambia,2001,3109,ZMB
2322,Zambia,2000,4504,ZMB
2323,Zambia,1999,13511,ZMB
2324,Zambia,1998,171,ZMB
2325,Zambia,1997,36,ZMB
2326,Zambia,1996,2172,ZMB
2327,Zambia,1993,6766,ZMB
2328,Zambia,1992,11659,ZMB
2329,Zambia,1991,13154,ZMB
2330,Zambia,1990,3717,ZMB
2331,Zambia,1989,44,ZMB
2332,Zambia,1983,233,ZMB
2333,Zambia,1982,1403,ZMB
2334,Zambia,1981,14,ZMB
2335,Zambia,1980,57,ZMB
2336,Zambia,1979,12,ZMB
2337,Zambia,1978,263,ZMB
2338,Zimbabwe,2016,10,ZWE
2339,Zimbabwe,2015,60,ZWE
2340,Zimbabwe,2012,23,ZWE
2341,Zimbabwe,2011,1220,ZWE
2342,Zimbabwe,2010,951,ZWE
2343,Zimbabwe,2009,68153,ZWE
2344,Zimbabwe,2008,60055,ZWE
2345,Zimbabwe,2007,65,ZWE
2346,Zimbabwe,2006,789,ZWE
2347,Zimbabwe,2005,516,ZWE
2348,Zimbabwe,2004,119,ZWE
2349,Zimbabwe,2003,1009,ZWE
2350,Zimbabwe,2002,3125,ZWE
2351,Zimbabwe,2001,650,ZWE
2352,Zimbabwe,2000,1675,ZWE
2353,Zimbabwe,1999,5637,ZWE
2354,Zimbabwe,1998,995,ZWE
2355,Zimbabwe,1993,5385,ZWE
2356,Zimbabwe,1992,2048,ZWE
2357,Zimbabwe,1986,2,ZWE
2358,Zimbabwe,1985,144,ZWE
2359,Zimbabwe,1976,144,ZWE
2360,Zimbabwe,1975,615,ZWE
2361,Zimbabwe,1974,37,ZWE
2362,Zimbabwe,1973,1,ZWE
